{
  "version": 1,
  "author": "Anil Kumar",
  "editor": "wokwi",
  "parts": [
    {
      "type": "board-pi-pico-w",
      "id": "pico",
      "top": -56.45,
      "left": -87.75,
      "rotate": 90,
      "attrs": { "env": "micropython-20241129-v1.24.1" }
    },
    {
      "type": "wokwi-mpu6050",
      "id": "imu1",
      "top": 23.02,
      "left": 117.52,
      "rotate": 270,
      "attrs": {}
    }
  ],
  "connections": [
    [ "imu1:VCC", "pico:3V3", "red", [ "h-18.6", "v-20.12", "h96", "v134.4", "h-182.4" ] ],
    [ "imu1:GND", "pico:GND.8", "black", [ "h-47.4", "v66.28", "h-67.2" ] ],
    [ "imu1:SCL", "pico:GP21", "green", [ "h-37.8", "v66.28", "h-182.4" ] ],
    [ "imu1:SDA", "pico:GP20", "green", [ "h-18.6", "v66.28", "h-211.2" ] ]
  ],
  "dependencies": {}
}