{
  "version": 1,
  "author": "Anil Kumar",
  "editor": "wokwi",
  "parts": [
    {
      "type": "board-pi-pico-w",
      "id": "pico",
      "top": -8.45,
      "left": -87.75,
      "rotate": 90,
      "attrs": { "env": "micropython-20241129-v1.24.1" }
    },
    {
      "type": "wokwi-mpu6050",
      "id": "imu1",
      "top": 60.58,
      "left": 118.12,
      "rotate": 270,
      "attrs": {}
    },
    {
      "type": "wokwi-led",
      "id": "led1",
      "top": -70.8,
      "left": -111.4,
      "attrs": { "color": "red" }
    },
    {
      "type": "wokwi-buzzer",
      "id": "bz1",
      "top": -112.8,
      "left": 40.2,
      "attrs": { "volume": "0.1" }
    }
  ],
  "connections": [
    [
      "imu1:VCC",
      "pico:3V3",
      "red",
      [ "h-9.6", "v-0.08", "h-9.6", "v-9.6", "h96", "v124.8", "h-19.2" ]
    ],
    [ "imu1:GND", "pico:GND.8", "black", [ "h-38.4", "v76.72", "h-76.8" ] ],
    [ "imu1:SCL", "pico:GP21", "green", [ "h-19.2", "v76.72", "h-211.2" ] ],
    [ "imu1:SDA", "pico:GP20", "green", [ "h-9.6", "v76.72", "h-220.8" ] ],
    [ "bz1:2", "pico:GP15", "green", [ "v19.2", "h-19.6" ] ],
    [ "bz1:1", "pico:GND.2", "green", [ "v28.8", "h115.2" ] ],
    [ "led1:C", "pico:GND.1", "green", [ "v48", "h134.8" ] ],
    [ "led1:A", "pico:GP13", "green", [ "v38.4", "h-28.8", "v48" ] ]
  ],
  "dependencies": {}
}